iata,state,timezone,iem_network,iem_validated,iem_name,iem_lat,iem_lon
ABE,PA,America/New_York,PA_ASOS,True,ALLENTOWN-BETHLEHEM,40.6508,-75.4492
ABI,TX,America/Chicago,TX_ASOS,True,Abilene,32.4106,-99.6821
ABQ,NM,America/Denver,NM_ASOS,True,ALBUQUERQUE INTL,35.0419,-106.6155
ABR,SD,America/Chicago,SD_ASOS,True,ABERDEEN,45.45,-98.42
ABY,GA,America/New_York,GA_ASOS,True,ALBANY MUNICIPAL,31.5355,-84.1945
ACT,TX,America/Chicago,TX_ASOS,True,Waco,31.618,-97.2283
ACV,CA,America/Los_Angeles,CA_ASOS,True,ARCATA/EUREKA ARPT,40.9781,-124.1086
ACY,NJ,America/New_York,NJ_ASOS,True,ATLANTIC CITY INTL,39.4576,-74.5772
ADK,AK,America/Anchorage,AK_ASOS,False,,,
ADQ,AK,America/Anchorage,AK_ASOS,False,,,
AEX,LA,America/Chicago,LA_ASOS,True,ALEXANDRIA INTL/ENGLAND AFB,31.3347,-92.5586
AGS,GA,America/New_York,GA_ASOS,True,AUGUSTA/BUSH FIELD,33.3699,-81.9645
ALB,NY,America/New_York,NY_ASOS,True,ALBANY COUNTY ARPT,42.7576,-73.8036
AMA,TX,America/Chicago,TX_ASOS,True,Amarillo - Rick Husband Intl,35.2194,-101.7059
ANC,AK,America/Anchorage,AK_ASOS,False,,,
APN,MI,America/New_York,MI_ASOS,True,ALPENA,45.0717,-83.5644
ASE,CO,America/Denver,CO_ASOS,True,ASPEN/SARDY FIELD,39.2232,-106.8689
ATL,GA,America/New_York,GA_ASOS,True,ATLANTA INTL ARPT,33.6301,-84.4418
ATW,WI,America/Chicago,WI_ASOS,True,APPLETON/OUTAGAM,44.2581,-88.5191
AUS,TX,America/Chicago,TX_ASOS,True,Austin Bergstrom Intl,30.183,-97.6799
AVL,NC,America/New_York,NC_ASOS,True,ASHEVILLE_MUNICIPAL_(ASOS),35.4319,-82.5375
AVP,PA,America/New_York,PA_ASOS,True,Wilkes-Barre/Scranton,41.3335,-75.7227
AZA,AZ,America/Phoenix,AZ_ASOS,False,,,
AZO,MI,America/New_York,MI_ASOS,True,KALAMAZOO,42.2347,-85.5519
BDL,CT,America/New_York,CT_ASOS,True,HARTFORD/BRADLEY,41.9381,-72.6825
BET,AK,America/Anchorage,AK_ASOS,False,,,
BFF,NE,America/Chicago,NE_ASOS,True,SCOTTSBLUFF,41.874,-103.5956
BFL,CA,America/Los_Angeles,CA_ASOS,True,BAKERSFIELD/MEADOWS,35.4344,-119.0542
BGR,ME,America/New_York,ME_ASOS,True,BANGOR INTL ARPT,44.8074,-68.8281
BHM,AL,America/Chicago,AL_ASOS,True,BIRMINGHAM MUNI,33.5655,-86.7449
BIH,CA,America/Los_Angeles,CA_ASOS,True,BISHOP AIRPORT,37.3731,-118.3636
BIL,MT,America/Denver,MT_ASOS,True,BILLINGS/LOGAN INTL,45.8069,-108.5422
BIS,ND,America/Chicago,ND_ASOS,True,BISMARCK,46.7727,-100.7458
BJI,MN,America/Chicago,MN_ASOS,True,BEMIDJI,47.5094,-94.9337
BLI,WA,America/Los_Angeles,WA_ASOS,True,BELLINGHAM INTL,48.7927,-122.5375
BLV,IL,America/Chicago,IL_ASOS,True,Belleville - Scott AFB,38.5454,-89.8515
BMI,IL,America/Chicago,IL_ASOS,True,BLOOMINGTON/NORM,40.4771,-88.9159
BNA,TN,America/Chicago,TN_ASOS,True,NASHVILLE METRO,36.1189,-86.6892
BOI,ID,America/Boise,ID_ASOS,True,BOISE MUNICIPAL,43.5667,-116.2406
BOS,MA,America/New_York,MA_ASOS,True,BOSTON/LOGAN INTL,42.3606,-71.0097
BPT,TX,America/Chicago,TX_ASOS,True,Beaumont - Port Arthur,29.9521,-94.0261
BQN,PR,America/Puerto_Rico,PR_ASOS,False,,,
BRD,MN,America/Chicago,MN_ASOS,True,BRAINERD,46.4047,-94.1308
BRO,TX,America/Chicago,TX_ASOS,True,BROWNSVILLE INTL,25.9146,-97.4231
BRW,AK,America/Anchorage,AK_ASOS,False,,,
BTM,MT,America/Denver,MT_ASOS,True,BUTTE/BERT MOONEY,45.9548,-112.4975
BTR,LA,America/Chicago,LA_ASOS,True,BATON ROUGE/RYAN,30.5372,-91.1469
BTV,VT,America/New_York,VT_ASOS,True,BURLINGTON INTL,44.47,-73.15
BUF,NY,America/New_York,NY_ASOS,True,BUFFALO INTL ARPT,42.9408,-78.7358
BUR,CA,America/Los_Angeles,CA_ASOS,True,BURBANK/GLENDALE,34.2007,-118.3587
BWI,MD,America/New_York,MD_ASOS,True,Baltimore - Wash Intl,39.1733,-76.6841
BZN,MT,America/Denver,MT_ASOS,True,BOZEMAN/GALLATIN,45.7881,-111.1608
CAE,SC,America/New_York,SC_ASOS,True,COLUMBIA METRO,33.9419,-81.1181
CAK,OH,America/New_York,OH_ASOS,True,Akron / Canton,40.9161,-81.4422
CDC,UT,America/Denver,UT_ASOS,True,CEDAR CITY MUNI,37.7,-113.1
CDV,AK,America/Anchorage,AK_ASOS,False,,,
CHA,TN,America/Chicago,TN_ASOS,True,CHATTANOOGA/LOVELL,35.0353,-85.2038
CHO,VA,America/New_York,VA_ASOS,True,CHARLOTTESVILLE,38.1386,-78.4529
CHS,SC,America/New_York,SC_ASOS,True,Charleston,32.8986,-80.0405
CID,IA,America/Chicago,IA_ASOS,True,CEDAR RAPIDS,41.8829,-91.7246
CIU,MI,America/New_York,MI_ASOS,True,CHIPPEWA INTL,46.25,-84.47
CKB,WV,America/New_York,WV_ASOS,True,CLARKSBURG/BENEDUM,39.2966,-80.2281
CLE,OH,America/New_York,OH_ASOS,True,CLEVELAND,41.405,-81.8528
CLL,TX,America/Chicago,TX_ASOS,True,COLLEGE STATION,30.5881,-96.3639
CLT,NC,America/New_York,NC_ASOS,True,Charlotte / Douglas,35.2226,-80.9543
CMH,OH,America/New_York,OH_ASOS,True,COLUMBUS,39.9914,-82.8808
CMI,IL,America/Chicago,IL_ASOS,True,Champaign - Willard,40.0324,-88.2755
CMX,MI,America/New_York,MI_ASOS,True,HANCOCK,47.1684,-88.4891
COD,WY,America/Denver,WY_ASOS,True,CODY MUNI (AWOS),44.5202,-109.0238
COS,CO,America/Denver,CO_ASOS,True,COLORADO SPRINGS,38.8058,-104.7008
COU,MO,America/Chicago,MO_ASOS,True,COLUMBIA,38.8169,-92.2183
CPR,WY,America/Denver,WY_ASOS,True,CASPER/NATRONA INTL,42.908,-106.4644
CRP,TX,America/Chicago,TX_ASOS,True,CORPUS CHRISTI INTL,27.7731,-97.5128
CRW,WV,America/New_York,WV_ASOS,True,CHARLESTON/KANAWHA,38.3794,-81.59
CVG,KY,America/New_York,KY_ASOS,True,Cincinnati / N Kentucky Intl,39.0431,-84.6717
CYS,WY,America/Denver,WY_ASOS,True,CHEYENNE/WARREN AFB,41.1556,-104.8105
DAB,FL,America/New_York,FL_ASOS,True,DAYTONA BEACH RGNL,29.1799,-81.0581
DAL,TX,America/Chicago,TX_ASOS,True,DALLAS/LOVE FIELD,32.8471,-96.8518
DAY,OH,America/New_York,OH_ASOS,True,DAYTON,39.9061,-84.2186
DCA,VA,America/New_York,VA_ASOS,True,WASHINGTON/NATIONAL,38.8472,-77.0346
DDC,KS,America/Chicago,KS_ASOS,True,Dodge City,37.7631,-99.9654
DEC,IL,America/Chicago,IL_ASOS,True,DECATUR,39.8346,-88.8657
DEN,CO,America/Denver,CO_ASOS,True,DENVER INTNL ARPT,39.8328,-104.6575
DFW,TX,America/Chicago,TX_ASOS,True,DALLAS/FT WORTH,32.8968,-97.038
DIK,ND,America/Chicago,ND_ASOS,True,DICKINSON,46.7973,-102.8019
DLH,MN,America/Chicago,MN_ASOS,True,DULUTH,46.8421,-92.1936
DRO,CO,America/Denver,CO_ASOS,True,DURANGO/LA PLATA CO,37.1515,-107.7538
DSM,IA,America/Chicago,IA_ASOS,True,Des Moines,41.534,-93.6531
DTW,MI,America/New_York,MI_ASOS,True,DETROIT/WAYNE,42.23,-83.33
DVL,ND,America/Chicago,ND_ASOS,True,DEVILS_LAKE,48.1146,-98.9083
EAR,NE,America/Chicago,NE_ASOS,True,KEARNEY MUNI,40.727,-99.0068
EAU,WI,America/Chicago,WI_ASOS,True,EAU CLAIRE,44.8658,-91.4843
ECP,FL,America/New_York,FL_ASOS,True,Panama City,30.3582,-85.7956
EGE,CO,America/Denver,CO_ASOS,True,EAGLE CO. REGIONAL,39.6426,-106.9177
EKO,NV,America/Los_Angeles,NV_ASOS,True,ELKO,40.8242,-115.786
ELM,NY,America/New_York,NY_ASOS,True,Elmira / Corning,42.1571,-76.8994
ELP,TX,America/Chicago,TX_ASOS,True,EL PASO INTL ARPT,31.8111,-106.3758
ESC,MI,America/New_York,MI_ASOS,True,ESCANABA,45.7227,-87.0937
EUG,OR,America/Los_Angeles,OR_ASOS,True,EUGENE/MAHLON SWEET,44.1246,-123.212
EVV,IN,America/Indiana/Indianapolis,IN_ASOS,True,EVANSVILLE,38.0441,-87.5205
EWR,NJ,America/New_York,NJ_ASOS,True,Newark Intl,40.6827,-74.1693
EYW,FL,America/New_York,FL_ASOS,True,Key West,24.5561,-81.7596
FAI,AK,America/Anchorage,AK_ASOS,False,,,
FAR,ND,America/Chicago,ND_ASOS,True,FARGO,46.9253,-96.8111
FAT,CA,America/Los_Angeles,CA_ASOS,True,FRESNO AIR TERMINAL,36.78,-119.7194
FAY,NC,America/New_York,NC_ASOS,True,Fayetteville,34.9912,-78.8803
FCA,MT,America/Denver,MT_ASOS,False,,,
FLG,AZ,America/Phoenix,AZ_ASOS,True,Flagstaff - Pulliam,35.1403,-111.6722
FLL,FL,America/New_York,FL_ASOS,True,Fort Lauderdale - Hollywood,26.0787,-80.1622
FNT,MI,America/New_York,MI_ASOS,True,FLINT,42.9667,-83.7494
FOD,IA,America/Chicago,IA_ASOS,True,FORT DODGE,42.5497,-94.2032
FSD,SD,America/Chicago,SD_ASOS,True,SIOUX FALLS,43.5769,-96.7536
FSM,AR,America/Chicago,AR_ASOS,True,FORT SMITH MUNI,35.3366,-94.3674
FWA,IN,America/Indiana/Indianapolis,IN_ASOS,True,FORT WAYNE,40.978,-85.1871
GCC,WY,America/Denver,WY_ASOS,True,Gillette,44.3489,-105.5394
GCK,KS,America/Chicago,KS_ASOS,True,GARDEN_CITY,37.9275,-100.7244
GEG,WA,America/Los_Angeles,WA_ASOS,True,SPOKANE INTL ARPT,47.6216,-117.528
GFK,ND,America/Chicago,ND_ASOS,True,GRAND_FORKS,47.9492,-97.1761
GGG,TX,America/Chicago,TX_ASOS,True,LONGVIEW/GREGG CO.,32.384,-94.7115
GJT,CO,America/Denver,CO_ASOS,True,GRAND JUNCTION,39.1342,-108.54
GNV,FL,America/New_York,FL_ASOS,True,GAINESVILLE RGNL,29.6917,-82.276
GPT,MS,America/Chicago,MS_ASOS,True,GULFPORT-BILOXI,30.4073,-89.0701
GRB,WI,America/Chicago,WI_ASOS,True,Ashwaubenon,44.4794,-88.1367
GRI,NE,America/Chicago,NE_ASOS,True,GRAND ISLAND,40.9675,-98.3096
GRK,TX,America/Chicago,TX_ASOS,True,FORT HOOD/GRAY AAF,31.07,-97.83
GRR,MI,America/New_York,MI_ASOS,True,Grand Rapids,42.8821,-85.523
GSO,NC,America/New_York,NC_ASOS,True,GREENSBORO/PIEDMONT_(ASOS),36.0975,-79.9436
GSP,SC,America/New_York,SC_ASOS,True,Greenville - Spartanburg,34.9061,-82.2125
GTF,MT,America/Denver,MT_ASOS,True,GREAT FALLS INTL,47.4733,-111.3822
GUC,CO,America/Denver,CO_ASOS,True,GUNNISON CO. (AWOS),38.5339,-106.933
HDN,CO,America/Denver,CO_ASOS,True,HAYDEN/YAMPA (AWOS),40.48,-107.22
HGR,MD,America/New_York,MD_ASOS,True,HAGERSTOWN REGIONAL,39.7078,-77.7297
HHH,SC,America/New_York,SC_ASOS,False,,,
HIB,MN,America/Chicago,MN_ASOS,True,HIBBING,47.3866,-92.839
HLN,MT,America/Denver,MT_ASOS,True,HELENA REGIONAL,46.6056,-111.9636
HNL,HI,Pacific/Honolulu,HI_ASOS,False,,,
HOB,NM,America/Denver,NM_ASOS,True,HOBBS/LEA CO.,32.6875,-103.217
HOU,TX,America/Chicago,TX_ASOS,True,HOUSTON/WILL HOBBY,29.6375,-95.2824
HPN,NY,America/New_York,NY_ASOS,True,WHITE PLAINS,41.0669,-73.7075
HRL,TX,America/Chicago,TX_ASOS,True,HARLINGEN INTL ARPT,26.2285,-97.6544
HSV,AL,America/Chicago,AL_ASOS,True,HUNTSVILLE/MADISON,34.6439,-86.7861
HTS,WV,America/New_York,WV_ASOS,True,HUNTINGTON/TRI STAT,38.365,-82.555
HYS,KS,America/Chicago,KS_ASOS,True,HAYS_MUNI,38.8422,-99.2732
IAD,VA,America/New_York,VA_ASOS,True,WASHINGTON/DULLES,38.9348,-77.4473
IAG,NY,America/New_York,NY_ASOS,True,NIAGARA FALLS INTL,43.1073,-78.9462
IAH,TX,America/Chicago,TX_ASOS,True,Houston Intercontinental,29.9844,-95.3607
ICT,KS,America/Chicago,KS_ASOS,True,WICHITA,37.65,-97.43
IDA,ID,America/Boise,ID_ASOS,True,IDAHO FALLS/FANNING,43.5137,-112.0708
ILM,NC,America/New_York,NC_ASOS,True,Wilmington Intl,34.27,-77.9
IMT,MI,America/New_York,MI_ASOS,True,IRON MOUNTAIN,45.8184,-88.1146
IND,IN,America/Indiana/Indianapolis,IN_ASOS,True,INDIANAPOLIS,39.7084,-86.3048
INL,MN,America/Chicago,MN_ASOS,True,International Falls,48.5595,-93.3956
ISP,NY,America/New_York,NY_ASOS,True,ISLIP/MACARTHUR,40.7939,-73.1017
ITO,HI,Pacific/Honolulu,HI_ASOS,False,,,
JAC,WY,America/Denver,WY_ASOS,True,JACKSON HOLE (AWOS),43.6128,-110.737
JAN,MS,America/Chicago,MS_ASOS,True,JACKSON/THOMPSON,32.32,-90.08
JAX,FL,America/New_York,FL_ASOS,True,Jacksonville Intl,30.4941,-81.6879
JFK,NY,America/New_York,NY_ASOS,True,NEW YORK/JF KENNEDY,40.6386,-73.7622
JLN,MO,America/Chicago,MO_ASOS,True,Joplin,37.1522,-94.4952
JMS,ND,America/Chicago,ND_ASOS,True,JAMESTOWN,46.93,-98.68
JNU,AK,America/Anchorage,AK_ASOS,False,,,
JST,PA,America/New_York,PA_ASOS,True,JOHNSTOWN/CAMBRIA,40.3161,-78.8339
KOA,HI,Pacific/Honolulu,HI_ASOS,False,,,
KTN,AK,America/Anchorage,AK_ASOS,False,,,
LAN,MI,America/New_York,MI_ASOS,True,Lansing,42.78,-84.58
LAR,WY,America/Denver,WY_ASOS,True,LARAMIE/GEN. BREES,41.3121,-105.675
LAS,NV,America/Los_Angeles,NV_ASOS,True,Las Vegas - Harry Reid Intl,36.0719,-115.1634
LAW,OK,America/Chicago,OK_ASOS,True,LAWTON MUNICIPAL,34.5677,-98.4166
LAX,CA,America/Los_Angeles,CA_ASOS,True,LOS ANGELES INTL,33.9382,-118.3865
LBB,TX,America/Chicago,TX_ASOS,True,LUBBOCK INTL ARPT,33.6636,-101.8228
LBE,PA,America/New_York,PA_ASOS,True,LATROBE/WESTMORLAND,40.2759,-79.4048
LBF,NE,America/Chicago,NE_ASOS,True,North Platte,41.1219,-100.669
LBL,KS,America/Chicago,KS_ASOS,True,LIBERAL_MUNI,37.0442,-100.9599
LCH,LA,America/Chicago,LA_ASOS,True,Lake Charles,30.1255,-93.2277
LCK,OH,America/New_York,OH_ASOS,True,RICKENBACKER ANG,39.8138,-82.9278
LEX,KY,America/New_York,KY_ASOS,True,LEXINGTON/BLUEGRASS,38.0408,-84.6058
LFT,LA,America/Chicago,LA_ASOS,True,Lafayette,30.1986,-91.9896
LGA,NY,America/New_York,NY_ASOS,True,New York/LaGuardia,40.7794,-73.8803
LGB,CA,America/Los_Angeles,CA_ASOS,True,LONG BEACH AIRPORT,33.8118,-118.1472
LIH,HI,Pacific/Honolulu,HI_ASOS,False,,,
LIT,AR,America/Chicago,AR_ASOS,True,LITTLE ROCK/ADAMS,34.7273,-92.2357
LNK,NE,America/Chicago,NE_ASOS,True,Lincoln,40.8312,-96.7633
LRD,TX,America/Chicago,TX_ASOS,True,LAREDO INTL AIRPORT,27.5438,-99.4615
LSE,WI,America/Chicago,WI_ASOS,True,La Crosse,43.8792,-91.253
LWS,ID,America/Boise,ID_ASOS,True,Lewiston,46.3745,-117.0154
MAF,TX,America/Chicago,TX_ASOS,True,Midland Intl,31.9466,-102.2075
MBS,MI,America/New_York,MI_ASOS,True,SAGINAW,43.53,-84.08
MCI,MO,America/Chicago,MO_ASOS,True,KANSAS CITY/INTL,39.2976,-94.7139
MCO,FL,America/New_York,FL_ASOS,True,Orlando International,28.4294,-81.309
MCW,IA,America/Chicago,IA_ASOS,True,MASON CITY,43.1544,-93.3261
MDT,PA,America/New_York,PA_ASOS,True,MIDDLETOWN/OLMSTED,40.1936,-76.7633
MDW,IL,America/Chicago,IL_ASOS,True,CHICAGO,41.786,-87.7524
MEI,MS,America/Chicago,MS_ASOS,True,MERIDIAN/KEY FIELD,32.3348,-88.7511
MEM,TN,America/Chicago,TN_ASOS,True,MEMPHIS INTL ARPT,35.0611,-89.985
MFE,TX,America/Chicago,TX_ASOS,True,MCALLEN/MILLER INTL,26.1758,-98.2386
MFR,OR,America/Los_Angeles,OR_ASOS,True,MEDFORD/JACKSON CO.,42.3811,-122.8722
MGM,AL,America/Chicago,AL_ASOS,True,MONTGOMERY/DANNELLY,32.3006,-86.394
MGW,WV,America/New_York,WV_ASOS,True,MORGANTOWN/HART FLD,39.6429,-79.9163
MHK,KS,America/Chicago,KS_ASOS,True,MANHATTAN,39.1353,-96.6778
MHT,NH,America/New_York,NH_ASOS,True,MANCHESTER AIRPARK,42.9328,-71.4358
MIA,FL,America/New_York,FL_ASOS,True,MIAMI INTL AIRPORT,25.788,-80.3169
MKE,WI,America/Chicago,WI_ASOS,True,MILWAUKEE,42.9472,-87.8967
MLB,FL,America/New_York,FL_ASOS,True,MELBOURNE REGIONAL,28.1028,-80.6453
MLI,IL,America/Chicago,IL_ASOS,True,Moline,41.4485,-90.5075
MLU,LA,America/Chicago,LA_ASOS,True,MONROE REGIONAL,32.5109,-92.0377
MOB,AL,America/Chicago,AL_ASOS,True,MOBILE/BATES FIELD,30.6883,-88.2456
MOT,ND,America/Chicago,ND_ASOS,True,MINOT_INTL,48.2594,-101.2803
MQT,MI,America/New_York,MI_ASOS,False,,,
MRY,CA,America/Los_Angeles,CA_ASOS,True,Monterey Peninsula,36.5904,-121.8488
MSN,WI,America/Chicago,WI_ASOS,True,MADISON,43.1406,-89.3453
MSO,MT,America/Denver,MT_ASOS,True,MISSOULA/BELL FIELD,46.9208,-114.0925
MSP,MN,America/Chicago,MN_ASOS,True,MINNEAPOLIS,44.8854,-93.2313
MSY,LA,America/Chicago,LA_ASOS,True,NEW ORLEANS/MOISANT,29.9933,-90.2511
MTJ,CO,America/Denver,CO_ASOS,True,MONTROSE CO. ARPT,38.505,-107.8975
MYR,SC,America/New_York,SC_ASOS,True,MYRTLE BEACH(CIV),33.68,-78.93
OAJ,NC,America/New_York,NC_ASOS,True,JACKSONVILLE_(AWOS),34.8292,-77.6121
OAK,CA,America/Los_Angeles,CA_ASOS,True,Oakland,37.7178,-122.233
OGG,HI,Pacific/Honolulu,HI_ASOS,False,,,
OKC,OK,America/Chicago,OK_ASOS,True,Oklahoma City,35.3889,-97.6006
OMA,NE,America/Chicago,NE_ASOS,True,OMAHA/EPPLEY,41.3103,-95.8992
OME,AK,America/Anchorage,AK_ASOS,False,,,
ONT,CA,America/Los_Angeles,CA_ASOS,True,ONTARIO INTL ARPT,34.056,-117.6012
ORD,IL,America/Chicago,IL_ASOS,True,Chicago OHare,41.9602,-87.9316
ORF,VA,America/New_York,VA_ASOS,True,NORFOLK INTL ARPT,36.9033,-76.1922
ORH,MA,America/New_York,MA_ASOS,True,Worcester,42.2673,-71.8757
OTH,OR,America/Los_Angeles,OR_ASOS,True,North Bend,43.4195,-124.2437
OTZ,AK,America/Anchorage,AK_ASOS,False,,,
PAE,WA,America/Los_Angeles,WA_ASOS,True,Everett - Paine Field,47.907,-122.2816
PBG,NY,America/New_York,NY_ASOS,True,Plattsburgh AFB,44.6382,-73.4624
PBI,FL,America/New_York,FL_ASOS,True,WEST PALM BEACH,26.6847,-80.0994
PDX,OR,America/Los_Angeles,OR_ASOS,True,PORTLAND INTL ARPT,45.5908,-122.6003
PGD,FL,America/New_York,FL_ASOS,True,PUNTA GORDA,26.9172,-81.9914
PHL,PA,America/New_York,PA_ASOS,True,Philadelphia Intl,39.8734,-75.2266
PHX,AZ,America/Phoenix,AZ_ASOS,True,PHOENIX/SKY HARBOR,33.4343,-112.0116
PIA,IL,America/Chicago,IL_ASOS,True,PEORIA,40.6675,-89.6839
PIB,MS,America/Chicago,MS_ASOS,True,PINE BELT RGNL AWOS,31.4671,-89.3371
PIE,FL,America/New_York,FL_ASOS,True,SAINT PETERSBURG,27.91,-82.6874
PIH,ID,America/Boise,ID_ASOS,True,POCATELLO MUNICIPAL,42.9098,-112.5959
PIT,PA,America/New_York,PA_ASOS,True,PITTSBURGH INTL,40.4915,-80.2329
PLN,MI,America/New_York,MI_ASOS,True,PELLSTON,45.5709,-84.7967
PNS,FL,America/New_York,FL_ASOS,True,PENSACOLA REGIONAL,30.4781,-87.1869
PQI,ME,America/New_York,ME_ASOS,True,PRESQUE ISLE (AWOS),46.689,-68.0448
PRC,AZ,America/Phoenix,AZ_ASOS,True,PRESCOTT/LOVE FLD,34.65,-112.42
PSC,WA,America/Los_Angeles,WA_ASOS,True,PASCO/TRI-CITIES,46.2647,-119.119
PSE,PR,America/Puerto_Rico,PR_ASOS,False,,,
PSG,AK,America/Anchorage,AK_ASOS,False,,,
PSM,NH,America/New_York,NH_ASOS,True,PEASE AFB/PORTSMOUT,43.0779,-70.8233
PSP,CA,America/Los_Angeles,CA_ASOS,True,PALM SPRINGS RGNL,33.8297,-116.5067
PVD,RI,America/New_York,RI_ASOS,True,PROVIDENCE/GREEN,41.7219,-71.4325
PVU,UT,America/Denver,UT_ASOS,True,PROVO MUNI (AWOS),40.2192,-111.7234
PWM,ME,America/New_York,ME_ASOS,True,PORTLAND INTL JET,43.6424,-70.3044
RAP,SD,America/Chicago,SD_ASOS,True,RAPID CITY,44.0453,-103.0574
RDD,CA,America/Los_Angeles,CA_ASOS,True,REDDING MUNICIPAL,40.509,-122.2934
RDM,OR,America/Los_Angeles,OR_ASOS,True,REDMOND (AWOS),44.2539,-121.15
RDU,NC,America/New_York,NC_ASOS,True,Raleigh / Durham,35.8922,-78.7819
RFD,IL,America/Chicago,IL_ASOS,True,Rockford,42.1915,-89.0876
RHI,WI,America/Chicago,WI_ASOS,True,RHINELANDER,45.6312,-89.4675
RIC,VA,America/New_York,VA_ASOS,True,RICHMOND/BYRD FIELD,37.5115,-77.3234
RIW,WY,America/Denver,WY_ASOS,True,RIVERTON,43.0642,-108.4598
RKS,WY,America/Denver,WY_ASOS,True,ROCK SPRINGS,41.5942,-109.0652
RNO,NV,America/Los_Angeles,NV_ASOS,True,Reno - Tahoe,39.4839,-119.7711
ROA,VA,America/New_York,VA_ASOS,True,Roanoke Muni,37.3172,-79.9737
ROC,NY,America/New_York,NY_ASOS,True,ROCHESTER/MONROE CO,43.1167,-77.6767
ROW,NM,America/Denver,NM_ASOS,True,ROSWELL/INDUSTRIAL,33.3,-104.53
RST,MN,America/Chicago,MN_ASOS,True,ROCHESTER,43.9041,-92.4916
RSW,FL,America/New_York,FL_ASOS,True,FT MYERS/SW FLORIDA,26.5381,-81.7567
SAF,NM,America/Denver,NM_ASOS,True,SANTA FE CO. MUNI,35.6171,-106.0894
SAN,CA,America/Los_Angeles,CA_ASOS,True,SAN DIEGO/LINDBERG,32.7339,-117.1845
SAT,TX,America/Chicago,TX_ASOS,True,SAN ANTONIO INTL,29.5337,-98.4698
SAV,GA,America/New_York,GA_ASOS,True,Savannah - Hilton Head,32.1314,-81.2023
SBA,CA,America/Los_Angeles,CA_ASOS,True,SANTA BARBARA MUNI,34.4261,-119.8436
SBN,IN,America/Indiana/Indianapolis,IN_ASOS,True,SOUTH BEND,41.7072,-86.3164
SBP,CA,America/Los_Angeles,CA_ASOS,True,San Luis Obispo,35.2381,-120.6441
SCC,AK,America/Anchorage,AK_ASOS,False,,,
SCE,PA,America/New_York,PA_ASOS,False,,,
SCK,CA,America/Los_Angeles,CA_ASOS,True,STOCKTON METRO,37.8942,-121.2383
SDF,KY,America/New_York,KY_ASOS,True,Louisville Intl,38.1774,-85.7308
SEA,WA,America/Los_Angeles,WA_ASOS,True,SEATTLE-TACOMA INTL,47.4447,-122.3144
SFB,FL,America/New_York,FL_ASOS,True,SANFORD/ORLANDO,28.7797,-81.2436
SFO,CA,America/Los_Angeles,CA_ASOS,True,SAN FRANCISCO INTL,37.619,-122.3749
SGF,MO,America/Chicago,MO_ASOS,True,SPRINGFIELD,37.2397,-93.3897
SGU,UT,America/Denver,UT_ASOS,True,St George,37.0364,-113.5103
SHR,WY,America/Denver,WY_ASOS,True,SHERIDAN CO. ARPT,44.77,-106.97
SHV,LA,America/Chicago,LA_ASOS,True,SHREVEPORT REGIONAL,32.4472,-93.8244
SIT,AK,America/Anchorage,AK_ASOS,False,,,
SJC,CA,America/Los_Angeles,CA_ASOS,True,SAN JOSE INTL A,37.3594,-121.9244
SJT,TX,America/Chicago,TX_ASOS,True,SAN ANGELO/MATHIS,31.3517,-100.495
SJU,PR,America/Puerto_Rico,PR_ASOS,False,,,
SLC,UT,America/Denver,UT_ASOS,True,SALT LAKE CITY INTL,40.78,-111.97
SLN,KS,America/Chicago,KS_ASOS,True,SALINA,38.791,-97.6522
SMF,CA,America/Los_Angeles,CA_ASOS,True,SACRAMENTO METRO,38.6954,-121.5908
SMX,CA,America/Los_Angeles,CA_ASOS,True,SANTA MARIA PUBLIC,34.9,-120.45
SNA,CA,America/Los_Angeles,CA_ASOS,True,SANTA ANA/JON-WAYNE,33.6757,-117.8682
SPI,IL,America/Chicago,IL_ASOS,True,SPRINGFIELD,39.8447,-89.6839
SPS,TX,America/Chicago,TX_ASOS,True,WICHITA FALLS/SHEP,33.9786,-98.4928
SRQ,FL,America/New_York,FL_ASOS,True,SARASOTA-BRADENTON,27.4014,-82.5586
STC,MN,America/Chicago,MN_ASOS,True,ST. CLOUD,45.5433,-94.0513
STL,MO,America/Chicago,MO_ASOS,True,ST. LOUIS,38.7524,-90.3734
STS,CA,America/Los_Angeles,CA_ASOS,True,Santa Rosa,38.5037,-122.811
STT,VI,America/St_Thomas,VI_ASOS,False,,,
STX,VI,America/St_Thomas,VI_ASOS,False,,,
SUN,ID,America/Boise,ID_ASOS,True,HAILEY/FRIEDMAN MEM,43.5038,-114.2956
SUX,IA,America/Chicago,IA_ASOS,True,SIOUX CITY,42.3917,-96.3795
SWF,NY,America/New_York,NY_ASOS,True,NEWBURGH/STEWART,41.5041,-74.1048
SWO,OK,America/Chicago,OK_ASOS,True,STILLWATER MUNI,36.1612,-97.0857
SYR,NY,America/New_York,NY_ASOS,True,SYRACUSE/HANCOCK,43.1112,-76.1063
TLH,FL,America/New_York,FL_ASOS,True,TALLAHASSEE RGNL,30.3935,-84.3514
TOL,OH,America/New_York,OH_ASOS,True,Toledo,41.587,-83.8054
TPA,FL,America/New_York,FL_ASOS,True,TAMPA INTL AIRPORT,27.9619,-82.5403
TRI,TN,America/Chicago,TN_ASOS,True,BRISTOL/TRI-CITY,36.4752,-82.4074
TTN,NJ,America/New_York,NJ_ASOS,True,TRENTON/MERCER CO.,40.2768,-74.8159
TUL,OK,America/Chicago,OK_ASOS,True,TULSA INTL ARPT(AW),36.1984,-95.8881
TUS,AZ,America/Phoenix,AZ_ASOS,True,TUCSON INTL AIRPORT,32.1203,-110.938
TVC,MI,America/New_York,MI_ASOS,True,TRAVERSE CIT,44.7416,-85.5824
TWF,ID,America/Boise,ID_ASOS,True,TWIN FALLS/JOSLIN,42.4818,-114.4878
TXK,AR,America/Chicago,AR_ASOS,True,TEXARKANA RGNL/WEBB,33.4537,-93.991
TYR,TX,America/Chicago,TX_ASOS,True,TYLER/POUNDS FLD,32.3541,-95.4024
TYS,TN,America/Chicago,TN_ASOS,True,KNOXVILLE MUNICIPAL,35.8181,-83.9858
USA,NC,America/New_York,NC_ASOS,False,,,
VCT,TX,America/Chicago,TX_ASOS,True,VICTORIA REGIONAL,28.8614,-96.9303
VPS,FL,America/New_York,FL_ASOS,True,EGLIN AFB/VALPARAIS,30.4832,-86.5254
WRG,AK,America/Anchorage,AK_ASOS,False,,,
XNA,AR,America/Chicago,AR_ASOS,True,NORTHWEST ARKANSAS REGIONAL APT,36.282,-94.307
XWA,ND,America/Chicago,ND_ASOS,True,Williston Basin,48.2597,-103.7505
YAK,AK,America/Anchorage,AK_ASOS,False,,,
YUM,AZ,America/Phoenix,AZ_ASOS,True,YUMA INTL AIRPORT,32.6566,-114.606
